<?xml version="1.0" encoding="utf-8"?>
<Module>
  <Name value="Sandbox Tweaks"/>
  <Id value="SandboxTweaks"/>
  <Version value="v1.0.0"/>
  <SingleplayerModule value="true"/>
  <MultiplayerModule value="false"/>
  <Official value="false"/>
  <DependedModules>
    <DependedModule Id="Bannerlord.Harmony" />
    <DependedModule Id="Bannerlord.ButterLib" />
    <DependedModule Id="Bannerlord.MBOptionScreen" />
    <DependedModule Id="Native"/>
    <DependedModule Id="SandBoxCore"/>
    <DependedModule Id="Sandbox"/>
    <DependedModule Id="StoryMode" Optional="true"/>
  </DependedModules>
  <SubModules>
    <SubModule>
      <Name value="SandboxTweaks"/>
      <DLLName value="SandboxTweaks.dll"/>
      <SubModuleClassType value="SandboxTweaks.Main"/>
      <Tags>
        <Tag key="DedicatedServerType" value="none" />
        <Tag key="IsNoRenderModeElement" value="false" />
      </Tags>
    </SubModule>
  </SubModules>
</Module>
